{"cameraMode":{"drawMode":0,"name":"Shaded","section":"Shading Mode"},"sceneLighting":true,"audioPlay":false,"sceneViewState":{"showFog":false,"showMaterialUpdate":false,"showSkybox":false,"showFlares":false,"showImageEffects":false,"showParticleSystems":true},"in2DMode":false,"pivot":{"x":-0.2519693374633789,"y":1.4236602783203126,"z":-0.6457176208496094},"rotation":{"x":-0.07126130163669586,"y":0.9099048972129822,"z":-0.1757567673921585,"w":-0.3689243495464325},"size":7.9435906410217289,"orthographic":false}